,0,1
0,4000.0705,20.307999
1,3998.1418,25.118153
2,3996.2131,28.952919
3,3994.2844,31.444712
4,3992.3557,32.785801
5,3990.4272,33.260536
6,3988.4985,33.417602
7,3986.5698,33.506691
8,3984.6411,33.772564
9,3982.7124,34.080997
10,3980.7837,34.420788
11,3978.8552,34.594643
12,3976.9265,34.696449
13,3974.9978,34.670696
14,3973.0691,34.702724
15,3971.1404,34.722481
16,3969.2117,34.845039
17,3967.2829,34.921554
18,3965.3545,35.04393
19,3963.4258,35.081318
20,3961.4971,35.169998
21,3959.5683,35.196495
22,3957.6396,35.291466
23,3955.7109,35.310642
24,3953.7822,35.37241
25,3951.8537,35.337364
26,3949.925,35.356525
27,3947.9963,35.312519
28,3946.0676,35.365696
29,3944.1389,35.375706
30,3942.2102,35.478313
31,3940.2817,35.509083
32,3938.353,35.60685
33,3936.4243,35.616321
34,3934.4956,35.694878
35,3932.5669,35.687878
36,3930.6382,35.751217
37,3928.7095,35.718441
38,3926.781,35.74881
39,3924.8523,35.68029
40,3922.9236,35.68763
41,3920.9949,35.60992
42,3919.0662,35.620273
43,3917.1374,35.541099
44,3915.2087,35.539051
45,3913.2803,35.432121
46,3911.3516,35.401272
47,3909.4228,35.275326
48,3907.4941,35.249802
49,3905.5654,35.150974
50,3903.6367,35.171509
51,3901.7082,35.124092
52,3899.7795,35.197353
53,3897.8508,35.195221
54,3895.9221,35.30629
55,3893.9934,35.325569
56,3892.0647,35.439518
57,3890.136,35.435612
58,3888.2075,35.50597
59,3886.2788,35.442654
60,3884.3501,35.45364
61,3882.4214,35.338722
62,3880.4927,35.31707
63,3878.564,35.187748
64,3876.6352,35.173801
65,3874.7068,35.069679
66,3872.7781,35.099811
67,3870.8494,35.049774
68,3868.9206,35.138161
69,3866.9919,35.13464
70,3865.0632,35.250267
71,3863.1348,35.245838
72,3861.206,35.338806
73,3859.2773,35.295898
74,3857.3486,35.349567
75,3855.4199,35.271774
76,3853.4912,35.302074
77,3851.5625,35.208504
78,3849.634,35.232384
79,3847.7053,35.13797
80,3845.7766,35.171398
81,3843.8479,35.095207
82,3841.9192,35.158741
83,3839.9905,35.118149
84,3838.0618,35.220646
85,3836.1333,35.212772
86,3834.2046,35.339535
87,3832.2759,35.340671
88,3830.3472,35.463623
89,3828.4184,35.447311
90,3826.4897,35.548004
91,3824.5613,35.509258
92,3822.6326,35.598122
93,3820.7038,35.559135
94,3818.7751,35.660625
95,3816.8464,35.636097
96,3814.9177,35.745991
97,3812.989,35.711727
98,3811.0605,35.794357
99,3809.1318,35.718162
100,3807.2031,35.759373
101,3805.2744,35.652843
102,3803.3457,35.687466
103,3801.417,35.597576
104,3799.4883,35.669857
105,3797.5598,35.625423
106,3795.6311,35.742062
107,3793.7024,35.72826
108,3791.7737,35.859268
109,3789.845,35.840576
110,3787.9162,35.954616
111,3785.9878,35.911114
112,3784.0591,36.002239
113,3782.1304,35.939358
114,3780.2017,36.017761
115,3778.2729,35.943001
116,3776.3442,36.008606
117,3774.4155,35.914516
118,3772.4871,35.957313
119,3770.5583,35.83799
120,3768.6296,35.86063
121,3766.7009,35.727165
122,3764.7722,35.744621
123,3762.8435,35.609905
124,3760.9148,35.62899
125,3758.9863,35.493912
126,3757.0576,35.513153
127,3755.1289,35.378517
128,3753.2002,35.403793
129,3751.2715,35.280292
130,3749.3428,35.324116
131,3747.4143,35.222225
132,3745.4856,35.289829
133,3743.5569,35.208198
134,3741.6282,35.292118
135,3739.6995,35.219318
136,3737.7707,35.307365
137,3735.842,35.233997
138,3733.9136,35.321972
139,3731.9849,35.249115
140,3730.0561,35.340217
141,3728.1274,35.267826
142,3726.1987,35.353596
143,3724.27,35.263195
144,3722.3413,35.318882
145,3720.4128,35.188045
146,3718.4841,35.203419
147,3716.5554,35.040771
148,3714.6267,35.042999
149,3712.698,34.886604
150,3710.7693,34.912247
151,3708.8408,34.78495
152,3706.9121,34.835567
153,3704.9834,34.717552
154,3703.0547,34.758934
155,3701.126,34.613178
156,3699.1973,34.617401
157,3697.2685,34.43343
158,3695.3401,34.409244
159,3693.4114,34.209774
160,3691.4827,34.18338
161,3689.5539,33.986702
162,3687.6252,33.960953
163,3685.6965,33.754661
164,3683.7678,33.710007
165,3681.8393,33.480358
166,3679.9106,33.420578
167,3677.9819,33.193813
168,3676.0532,33.162769
169,3674.1245,32.987469
170,3672.1958,33.022396
171,3670.2673,32.911678
172,3668.3386,32.99646
173,3666.4099,32.908859
174,3664.4812,32.987347
175,3662.5525,32.865806
176,3660.6238,32.892876
177,3658.6951,32.713642
178,3656.7666,32.691383
179,3654.8379,32.48156
180,3652.9092,32.455871
181,3650.9805,32.269691
182,3649.0517,32.29026
183,3647.123,32.160919
184,3645.1943,32.236729
185,3643.2659,32.148128
186,3641.3371,32.244053
187,3639.4084,32.153007
188,3637.4797,32.229595
189,3635.551,32.109302
190,3633.6223,32.155891
191,3631.6938,32.009964
192,3629.7651,32.039005
193,3627.8364,31.882883
194,3625.9077,31.908745
195,3623.979,31.754696
196,3622.0503,31.788752
197,3620.1216,31.649065
198,3618.1931,31.704843
199,3616.2644,31.592354
200,3614.3357,31.678087
201,3612.407,31.592546
202,3610.4783,31.697651
203,3608.5496,31.619877
204,3606.6208,31.721437
205,3604.6924,31.631092
206,3602.7637,31.716308
207,3600.835,31.609959
208,3598.9062,31.682972
209,3596.9775,31.568552
210,3595.0488,31.637382
211,3593.1204,31.521303
212,3591.1916,31.591129
213,3589.2629,31.478784
214,3587.3342,31.555754
215,3585.4055,31.452717
216,3583.4768,31.538723
217,3581.5481,31.44014
218,3579.6196,31.522343
219,3577.6909,31.409435
220,3575.7622,31.468073
221,3573.8335,31.326525
222,3571.9048,31.358078
223,3569.9761,31.197498
224,3568.0474,31.222742
225,3566.1189,31.069431
226,3564.1902,31.112463
227,3562.2615,30.981308
228,3560.3328,31.043863
229,3558.404,30.92425
230,3556.4753,30.988491
231,3554.5469,30.862997
232,3552.6182,30.918795
233,3550.6894,30.788101
234,3548.7607,30.845636
235,3546.832,30.724295
236,3544.9033,30.79586
237,3542.9746,30.6889
238,3541.0461,30.770639
239,3539.1174,30.667467
240,3537.1887,30.746406
241,3535.26,30.636394
242,3533.3313,30.707493
243,3531.4026,30.592382
244,3529.4739,30.663196
245,3527.5454,30.553945
246,3525.6167,30.635363
247,3523.688,30.539074
248,3521.7593,30.631164
249,3519.8306,30.539448
250,3517.9018,30.626577
251,3515.9734,30.520811
252,3514.0447,30.587423
253,3512.116,30.460995
254,3510.1872,30.512552
255,3508.2585,30.38212
256,3506.3298,30.441671
257,3504.4011,30.330011
258,3502.4726,30.413914
259,3500.5439,30.327576
260,3498.6152,30.432411
261,3496.6865,30.360506
262,3494.7578,30.471371
263,3492.8291,30.39818
264,3490.9004,30.500612
265,3488.9719,30.41416
266,3487.0432,30.499365
267,3485.1145,30.394745
268,3483.1858,30.462227
269,3481.2571,30.343536
270,3479.3284,30.401274
271,3477.3999,30.278837
272,3475.4712,30.337313
273,3473.5425,30.21982
274,3471.6138,30.28474
275,3469.685,30.175062
276,3467.7563,30.247616
277,3465.8276,30.146873
278,3463.8992,30.229036
279,3461.9704,30.139769
280,3460.0417,30.232981
281,3458.113,30.153564
282,3456.1843,30.252033
283,3454.2556,30.173473
284,3452.3269,30.267961
285,3450.3984,30.18475
286,3448.4697,30.276344
287,3446.541,30.196398
288,3444.6123,30.296751
289,3442.6836,30.230266
290,3440.7549,30.342892
291,3438.8264,30.283939
292,3436.8977,30.394335
293,3434.969,30.324228
294,3433.0403,30.415562
295,3431.1116,30.324865
296,3429.1829,30.397997
297,3427.2541,30.297436
298,3425.3257,30.369402
299,3423.397,30.277155
300,3421.4683,30.362188
301,3419.5395,30.285349
302,3417.6108,30.382872
303,3415.6821,30.315452
304,3413.7534,30.417871
305,3411.8249,30.354408
306,3409.8962,30.460241
307,3407.9675,30.402607
308,3406.0388,30.514337
309,3404.1101,30.462553
310,3402.1814,30.576103
311,3400.2529,30.523073
312,3398.3242,30.631616
313,3396.3955,30.574768
314,3394.4668,30.682382
315,3392.5381,30.632006
316,3390.6094,30.75184
317,3388.6807,30.719284
318,3386.7522,30.856798
319,3384.8235,30.839798
320,3382.8948,30.985681
321,3380.9661,30.970508
322,3379.0373,31.109793
323,3377.1086,31.083088
324,3375.1799,31.2059
325,3373.2515,31.162348
326,3371.3227,31.268234
327,3369.394,31.211985
328,3367.4653,31.308683
329,3365.5366,31.249422
330,3363.6079,31.346397
331,3361.6794,31.291345
332,3359.7507,31.392153
333,3357.822,31.340891
334,3355.8933,31.441807
335,3353.9646,31.388803
336,3352.0359,31.484222
337,3350.1072,31.425522
338,3348.1787,31.514397
339,3346.25,31.452509
340,3344.3213,31.540628
341,3342.3926,31.483465
342,3340.4639,31.578867
343,3338.5351,31.532457
344,3336.6064,31.637525
345,3334.678,31.600288
346,3332.7493,31.710613
347,3330.8205,31.677589
348,3328.8918,31.789974
349,3326.9631,31.761076
350,3325.0344,31.878014
351,3323.1059,31.856104
352,3321.1772,31.977739
353,3319.2485,31.957882
354,3317.3198,32.073814
355,3315.3911,32.042427
356,3313.4624,32.140133
357,3311.5337,32.090431
358,3309.6052,32.171821
359,3307.6765,32.114315
360,3305.7478,32.195095
361,3303.8191,32.145397
362,3301.8904,32.236046
363,3299.9617,32.196918
364,3298.0329,32.293148
365,3296.1045,32.256626
366,3294.1758,32.350895
367,3292.2471,32.312786
368,3290.3183,32.404819
369,3288.3896,32.367313
370,3286.4609,32.459461
371,3284.5325,32.423504
372,3282.6037,32.515098
373,3280.675,32.479366
374,3278.7463,32.569412
375,3276.8176,32.533432
376,3274.8889,32.621124
377,3272.9602,32.582546
378,3271.0317,32.663376
379,3269.103,32.616333
380,3267.1743,32.685097
381,3265.2456,32.627602
382,3263.3169,32.687389
383,3261.3882,32.627975
384,3259.4595,32.691269
385,3257.531,32.643547
386,3255.6023,32.72163
387,3253.6736,32.691521
388,3251.7449,32.783119
389,3249.8162,32.762169
390,3247.8874,32.853615
391,3245.959,32.826523
392,3244.0303,32.905064
393,3242.1016,32.865208
394,3240.1728,32.932003
395,3238.2441,32.887531
396,3236.3154,32.954739
397,3234.3867,32.917896
398,3232.4582,32.994396
399,3230.5295,32.969009
400,3228.6008,33.053932
401,3226.6721,33.036365
402,3224.7434,33.125645
403,3222.8147,33.113079
404,3220.886,33.205456
405,3218.9575,33.197277
406,3217.0288,33.291145
407,3215.1001,33.283371
408,3213.1714,33.371941
409,3211.2427,33.355858
410,3209.314,33.430477
411,3207.3855,33.400074
412,3205.4568,33.459579
413,3203.5281,33.419575
414,3201.5994,33.473919
415,3199.6706,33.437305
416,3197.7419,33.499317
417,3195.8132,33.475616
418,3193.8848,33.549354
419,3191.956,33.536648
420,3190.0273,33.615322
421,3188.0986,33.604256
422,3186.1699,33.678615
423,3184.2412,33.662308
424,3182.3125,33.729038
425,3180.384,33.707695
426,3178.4553,33.769436
427,3176.5266,33.746658
428,3174.5979,33.806774
429,3172.6692,33.785343
430,3170.7405,33.846577
431,3168.812,33.830189
432,3166.8833,33.897713
433,3164.9546,33.89238
434,3163.0259,33.971115
435,3161.0972,33.978195
436,3159.1684,34.064155
437,3157.2397,34.074448
438,3155.3113,34.155571
439,3153.3826,34.157928
440,3151.4538,34.227508
441,3149.5251,34.22134
442,3147.5964,34.283916
443,3145.6677,34.275894
444,3143.739,34.336826
445,3141.8105,34.328834
446,3139.8818,34.386612
447,3137.9531,34.375851
448,3136.0244,34.42915
449,3134.0957,34.417652
450,3132.167,34.471817
451,3130.2385,34.466179
452,3128.3098,34.525875
453,3126.3811,34.525997
454,3124.4524,34.585098
455,3122.5237,34.579819
456,3120.595,34.625152
457,3118.6662,34.60342
458,3116.7378,34.629948
459,3114.8091,34.595035
460,3112.8804,34.614155
461,3110.9517,34.582901
462,3109.0229,34.612572
463,3107.0942,34.599617
464,3105.1655,34.648109
465,3103.2371,34.654571
466,3101.3083,34.717247
467,3099.3796,34.735317
468,3097.4509,34.803657
469,3095.5222,34.825485
470,3093.5935,34.892399
471,3091.665,34.911083
472,3089.7363,34.969562
473,3087.8076,34.978512
474,3085.8789,35.023682
475,3083.9502,35.021187
476,3082.0215,35.055248
477,3080.0928,35.046982
478,3078.1643,35.077545
479,3076.2356,35.070991
480,3074.3069,35.103615
481,3072.3782,35.101425
482,3070.4495,35.135799
483,3068.5207,35.135357
484,3066.592,35.167602
485,3064.6636,35.164822
486,3062.7349,35.19157
487,3060.8061,35.184521
488,3058.8774,35.205757
489,3056.9487,35.196461
490,3055.02,35.21587
491,3053.0915,35.20874
492,3051.1628,35.230137
493,3049.2341,35.22702
494,3047.3054,35.249397
495,3045.3767,35.24646
496,3043.448,35.264309
497,3041.5193,35.256264
498,3039.5908,35.266457
499,3037.6621,35.253509
500,3035.7334,35.259476
501,3033.8047,35.246857
502,3031.876,35.25357
503,3029.9473,35.244236
504,3028.0185,35.251942
505,3026.0901,35.243954
506,3024.1614,35.249866
507,3022.2327,35.24089
508,3020.3039,35.243828
509,3018.3752,35.233696
510,3016.4465,35.233879
511,3014.5181,35.222656
512,3012.5893,35.219917
513,3010.6606,35.207439
514,3008.7319,35.201851
515,3006.8032,35.188297
516,3004.8745,35.179657
517,3002.9458,35.163891
518,3001.0173,35.150074
519,2999.0886,35.129585
520,2997.1599,35.108726
521,2995.2312,35.083134
522,2993.3025,35.056507
523,2991.3738,35.028038
524,2989.4451,34.997677
525,2987.5166,34.967174
526,2985.5879,34.932403
527,2983.6592,34.897999
528,2981.7305,34.856472
529,2979.8017,34.815956
530,2977.873,34.765907
531,2975.9446,34.717998
532,2974.0159,34.658893
533,2972.0871,34.604477
534,2970.1584,34.539631
535,2968.2297,34.485302
536,2966.301,34.42474
537,2964.3723,34.382923
538,2962.4438,34.339424
539,2960.5151,34.320644
540,2958.5864,34.30014
541,2956.6577,34.304253
542,2954.729,34.300316
543,2952.8003,34.315582
544,2950.8716,34.313053
545,2948.9431,34.323139
546,2947.0144,34.306724
547,2945.0857,34.299225
548,2943.157,34.260807
549,2941.2283,34.232738
550,2939.2996,34.174919
551,2937.3711,34.134418
552,2935.4424,34.07027
553,2933.5137,34.03397
554,2931.585,33.981632
555,2929.6562,33.966556
556,2927.7275,33.939323
557,2925.7988,33.95301
558,2923.8704,33.951832
559,2921.9416,33.989136
560,2920.0129,34.004429
561,2918.0842,34.053493
562,2916.1555,34.073234
563,2914.2268,34.123329
564,2912.2981,34.138912
565,2910.3696,34.183773
566,2908.4409,34.191177
567,2906.5122,34.228775
568,2904.5835,34.227737
569,2902.6548,34.25922
570,2900.7261,34.2519
571,2898.7976,34.279934
572,2896.8689,34.268959
573,2894.9402,34.295494
574,2893.0115,34.281635
575,2891.0828,34.305866
576,2889.154,34.286735
577,2887.2253,34.30516
578,2885.2969,34.277145
579,2883.3682,34.287235
580,2881.4394,34.249988
581,2879.5107,34.253963
582,2877.582,34.211811
583,2875.6533,34.214859
584,2873.7246,34.172401
585,2871.7961,34.17738
586,2869.8674,34.135422
587,2867.9387,34.141624
588,2866.01,34.099213
589,2864.0813,34.106811
590,2862.1526,34.066315
591,2860.2241,34.080177
592,2858.2954,34.048469
593,2856.3667,34.076141
594,2854.438,34.059643
595,2852.5093,34.1045
596,2850.5806,34.102234
597,2848.6518,34.158581
598,2846.7234,34.161064
599,2844.7947,34.217564
600,2842.866,34.213997
601,2840.9372,34.262401
602,2839.0085,34.248249
603,2837.0798,34.287708
604,2835.1511,34.265037
605,2833.2226,34.299415
606,2831.2939,34.272976
607,2829.3652,34.30722
608,2827.4365,34.2817
609,2825.5078,34.319675
610,2823.5791,34.297531
611,2821.6506,34.339809
612,2819.7219,34.31979
613,2817.7932,34.363933
614,2815.8645,34.343632
615,2813.9358,34.388428
616,2812.0071,34.368488
617,2810.0784,34.416111
618,2808.1499,34.399113
619,2806.2212,34.451019
620,2804.2925,34.436222
621,2802.3638,34.489265
622,2800.435,34.472107
623,2798.5063,34.522056
624,2796.5776,34.500545
625,2794.6492,34.548794
626,2792.7204,34.527698
627,2790.7917,34.581005
628,2788.863,34.566978
629,2786.9343,34.629837
630,2785.0056,34.624161
631,2783.0771,34.694889
632,2781.1484,34.694389
633,2779.2197,34.770077
634,2777.291,34.773327
635,2775.3623,34.853954
636,2773.4336,34.861225
637,2771.5049,34.94577
638,2769.5764,34.953789
639,2767.6477,35.036888
640,2765.719,35.0396
641,2763.7903,35.116325
642,2761.8616,35.111301
643,2759.9329,35.181896
644,2758.0041,35.171154
645,2756.0757,35.237816
646,2754.147,35.222481
647,2752.2183,35.28479
648,2750.2895,35.263454
649,2748.3608,35.320106
650,2746.4321,35.292721
651,2744.5037,35.345463
652,2742.5749,35.315433
653,2740.6462,35.368465
654,2738.7175,35.339645
655,2736.7888,35.395328
656,2734.8601,35.367943
657,2732.9314,35.424251
658,2731.0029,35.394638
659,2729.0742,35.447296
660,2727.1455,35.411819
661,2725.2168,35.458771
662,2723.2881,35.417435
663,2721.3594,35.460552
664,2719.4307,35.416542
665,2717.5022,35.459503
666,2715.5735,35.416336
667,2713.6448,35.461994
668,2711.7161,35.421619
669,2709.7873,35.470837
670,2707.8586,35.433075
671,2705.9302,35.484783
672,2704.0015,35.448116
673,2702.0727,35.500832
674,2700.144,35.464317
675,2698.2153,35.517761
676,2696.2866,35.481541
677,2694.3579,35.53569
678,2692.4294,35.4991
679,2690.5007,35.552399
680,2688.572,35.513325
681,2686.6433,35.563721
682,2684.7146,35.520904
683,2682.7859,35.568325
684,2680.8572,35.522922
685,2678.9287,35.56937
686,2677,35.523758
687,2675.0713,35.571442
688,2673.1426,35.527313
689,2671.2139,35.577106
690,2669.2851,35.534428
691,2667.3567,35.585373
692,2665.428,35.542526
693,2663.4993,35.592728
694,2661.5705,35.548111
695,2659.6418,35.596725
696,2657.7131,35.550632
697,2655.7844,35.59909
698,2653.8559,35.553902
699,2651.9272,35.605083
700,2649.9985,35.563667
701,2648.0698,35.619739
702,2646.1411,35.582958
703,2644.2124,35.642998
704,2642.2837,35.608143
705,2640.3552,35.668106
706,2638.4265,35.630787
707,2636.4978,35.687004
708,2634.5691,35.645149
709,2632.6404,35.697296
710,2630.7117,35.651905
711,2628.7832,35.701404
712,2626.8545,35.65358
713,2624.9258,35.700863
714,2622.9971,35.650589
715,2621.0683,35.695625
716,2619.1396,35.643288
717,2617.2109,35.686912
718,2615.2825,35.633579
719,2613.3537,35.676659
720,2611.425,35.622791
721,2609.4963,35.665363
722,2607.5676,35.61087
723,2605.6389,35.652946
724,2603.7102,35.598141
725,2601.7817,35.640301
726,2599.853,35.585945
727,2597.9243,35.628982
728,2595.9956,35.575893
729,2594.0669,35.620586
730,2592.1382,35.56953
731,2590.2097,35.616558
732,2588.281,35.568088
733,2586.3523,35.617729
734,2584.4236,35.571815
735,2582.4949,35.62368
736,2580.5662,35.579658
737,2578.6374,35.632927
738,2576.709,35.590111
739,2574.7803,35.644451
740,2572.8516,35.603073
741,2570.9228,35.65913
742,2568.9941,35.619854
743,2567.0654,35.677669
744,2565.1367,35.639473
745,2563.2082,35.696892
746,2561.2795,35.657066
747,2559.3508,35.711689
748,2557.4221,35.669037
749,2555.4934,35.72121
750,2553.5647,35.677349
751,2551.6362,35.729053
752,2549.7075,35.68539
753,2547.7788,35.73682
754,2545.8501,35.692379
755,2543.9214,35.741852
756,2541.9927,35.694965
757,2540.064,35.741287
758,2538.1355,35.691406
759,2536.2068,35.734417
760,2534.2781,35.681423
761,2532.3494,35.720692
762,2530.4206,35.663731
763,2528.4919,35.698002
764,2526.5632,35.635689
765,2524.6348,35.663772
766,2522.706,35.595623
767,2520.7773,35.618145
768,2518.8486,35.546226
769,2516.9199,35.566654
770,2514.9912,35.495487
771,2513.0627,35.518711
772,2511.134,35.452846
773,2509.2053,35.482403
774,2507.2766,35.424042
775,2505.3479,35.460724
776,2503.4192,35.409508
777,2501.4905,35.452106
778,2499.562,35.406387
779,2497.6333,35.453136
780,2495.7046,35.411316
781,2493.7759,35.460853
782,2491.8472,35.421833
783,2489.9184,35.47319
784,2487.9897,35.436123
785,2486.0613,35.488598
786,2484.1326,35.453098
787,2482.2038,35.506718
788,2480.2751,35.473152
789,2478.3464,35.528141
790,2476.4177,35.495979
791,2474.4892,35.550499
792,2472.5605,35.516628
793,2470.6318,35.56691
794,2468.7031,35.528068
795,2466.7744,35.572494
796,2464.8457,35.529377
797,2462.917,35.57066
798,2460.9885,35.526985
799,2459.0598,35.568409
800,2457.1311,35.525906
801,2455.2024,35.567192
802,2453.2737,35.524044
803,2451.345,35.56287
804,2449.4162,35.517506
805,2447.4878,35.553917
806,2445.5591,35.508308
807,2443.6304,35.54575
808,2441.7017,35.503849
809,2439.7729,35.545517
810,2437.8442,35.508778
811,2435.9158,35.553844
812,2433.9871,35.519398
813,2432.0583,35.563747
814,2430.1296,35.527367
815,2428.2009,35.567615
816,2426.2722,35.527313
817,2424.3435,35.562828
818,2422.415,35.51897
819,2420.4863,35.550644
820,2418.5576,35.504471
821,2416.6289,35.533886
822,2414.7002,35.487465
823,2412.7715,35.517124
824,2410.8428,35.473095
825,2408.9143,35.505161
826,2406.9856,35.464584
827,2405.0569,35.498497
828,2403.1282,35.459141
829,2401.1995,35.491333
830,2399.2707,35.449036
831,2397.3423,35.475616
832,2395.4136,35.427635
833,2393.4849,35.447555
834,2391.5561,35.394695
835,2389.6274,35.410274
836,2387.6987,35.355724
837,2385.77,35.370209
838,2383.8415,35.316757
839,2381.9128,35.332302
840,2379.9841,35.281696
841,2378.0554,35.299972
842,2376.1267,35.254063
843,2374.198,35.276989
844,2372.2693,35.237503
845,2370.3408,35.26627
846,2368.4121,35.233692
847,2366.4834,35.268028
848,2364.5547,35.241302
849,2362.626,35.279087
850,2360.6973,35.254707
851,2358.7688,35.290874
852,2356.8401,35.26273
853,2354.9114,35.291496
854,2352.9827,35.256122
855,2351.0539,35.278072
856,2349.1252,35.240753
857,2347.1965,35.264748
858,2345.2681,35.235317
859,2343.3393,35.268906
860,2341.4106,35.25008
861,2339.4819,35.290279
862,2337.5532,35.274589
863,2335.6245,35.312084
864,2333.6958,35.291382
865,2331.7673,35.321297
866,2329.8386,35.294582
867,2327.9099,35.318798
868,2325.9812,35.288975
869,2324.0525,35.30957
870,2322.1238,35.276932
871,2320.1953,35.29261
872,2318.2666,35.25547
873,2316.3379,35.265648
874,2314.4092,35.225666
875,2312.4805,35.234379
876,2310.5517,35.197056
877,2308.623,35.209637
878,2306.6946,35.178562
879,2304.7659,35.1959
880,2302.8371,35.169311
881,2300.9084,35.187862
882,2298.9797,35.161709
883,2297.051,35.177982
884,2295.1223,35.149925
885,2293.1938,35.162743
886,2291.2651,35.132503
887,2289.3364,35.142185
888,2287.4077,35.110535
889,2285.479,35.118175
890,2283.5503,35.08638
891,2281.6218,35.093086
892,2279.6931,35.061748
893,2277.7644,35.067409
894,2275.8357,35.035839
895,2273.907,35.0396
896,2271.9783,35.007332
897,2270.0496,35.00946
898,2268.1211,34.977505
899,2266.1924,34.979343
900,2264.2637,34.948769
901,2262.335,34.950558
902,2260.4062,34.92054
903,2258.4775,34.920509
904,2256.5488,34.888821
905,2254.6204,34.884945
906,2252.6916,34.850429
907,2250.7629,34.842819
908,2248.8342,34.806896
909,2246.9055,34.79789
910,2244.9768,34.763153
911,2243.0483,34.754875
912,2241.1196,34.722519
913,2239.1909,34.715134
914,2237.2622,34.684601
915,2235.3335,34.67728
916,2233.4048,34.647842
917,2231.4761,34.640083
918,2229.5476,34.611397
919,2227.6189,34.602882
920,2225.6902,34.574661
921,2223.7615,34.565269
922,2221.8328,34.537708
923,2219.904,34.527931
924,2217.9753,34.501594
925,2216.0469,34.491688
926,2214.1182,34.466278
927,2212.1894,34.455448
928,2210.2607,34.43005
929,2208.332,34.417766
930,2206.4033,34.392589
931,2204.4748,34.379772
932,2202.5461,34.356094
933,2200.6174,34.343849
934,2198.6887,34.322208
935,2196.76,34.310379
936,2194.8313,34.290077
937,2192.9026,34.277763
938,2190.9741,34.258064
939,2189.0454,34.24493
940,2187.1167,34.226021
941,2185.188,34.212772
942,2183.2593,34.195713
943,2181.3306,34.183453
944,2179.4018,34.169037
945,2177.4734,34.157936
946,2175.5447,34.145599
947,2173.616,34.134552
948,2171.6872,34.123058
949,2169.7585,34.111156
950,2167.8298,34.100246
951,2165.9014,34.087868
952,2163.9726,34.078274
953,2162.0439,34.066128
954,2160.1152,34.058212
955,2158.1865,34.046158
956,2156.2578,34.039333
957,2154.3291,34.026527
958,2152.4006,34.019928
959,2150.4719,34.00573
960,2148.5432,33.99913
961,2146.6145,33.98386
962,2144.6858,33.978134
963,2142.7571,33.963051
964,2140.8284,33.959549
965,2138.8999,33.945793
966,2136.9712,33.94527
967,2135.0425,33.933243
968,2133.1138,33.935905
969,2131.185,33.925777
970,2129.2563,33.931793
971,2127.3279,33.923626
972,2125.3992,33.932785
973,2123.4704,33.926071
974,2121.5417,33.937767
975,2119.613,33.932148
976,2117.6843,33.946545
977,2115.7556,33.942737
978,2113.8271,33.960819
979,2111.8984,33.959652
980,2109.9697,33.981701
981,2108.041,33.982777
982,2106.1123,34.007881
983,2104.1836,34.010101
984,2102.2549,34.037289
985,2100.3264,34.040012
986,2098.3977,34.069023
987,2096.469,34.072372
988,2094.5403,34.103634
989,2092.6116,34.108261
990,2090.6829,34.142471
991,2088.7544,34.148891
992,2086.8257,34.186149
993,2084.897,34.193912
994,2082.9683,34.23328
995,2081.0395,34.241192
996,2079.1108,34.281471
997,2077.1821,34.288563
998,2075.2537,34.329128
999,2073.3249,34.335201
1000,2071.3962,34.376316
1001,2069.4675,34.382152
1002,2067.5388,34.425045
1003,2065.6101,34.43203
1004,2063.6814,34.477734
1005,2061.7529,34.486011
1006,2059.8242,34.533413
1007,2057.8955,34.540745
1008,2055.9668,34.58707
1009,2054.0381,34.591049
1010,2052.1094,34.635055
1011,2050.1809,34.636005
1012,2048.2522,34.679451
1013,2046.3235,34.680065
1014,2044.3948,34.725872
1015,2042.4661,34.728691
1016,2040.5375,34.778515
1017,2038.6088,34.783962
1018,2036.68,34.836773
1019,2034.7513,34.84238
1020,2032.8227,34.894562
1021,2030.894,34.896263
1022,2028.9653,34.944199
1023,2027.0367,34.939743
1024,2025.108,34.983116
1025,2023.1793,34.974193
1026,2021.2507,35.01622
1027,2019.322,35.006767
1028,2017.3933,35.051166
1029,2015.4646,35.043915
1030,2013.536,35.091823
1031,2011.6073,35.08601
1032,2009.6786,35.134735
1033,2007.75,35.12611
1034,2005.8213,35.170574
1035,2003.8926,35.154365
1036,2001.964,35.191357
1037,2000.0353,35.167015
1038,1998.1066,35.199203
1039,1996.1778,35.172466
1040,1994.2493,35.207653
1041,1992.3205,35.186829
1042,1990.3918,35.231956
1043,1988.4632,35.220985
1044,1986.5345,35.275947
1045,1984.6058,35.270573
1046,1982.6772,35.327835
1047,1980.7485,35.319027
1048,1978.8198,35.370167
1049,1976.8911,35.352051
1050,1974.9625,35.394936
1051,1973.0338,35.369366
1052,1971.1051,35.409058
1053,1969.1765,35.3829
1054,1967.2478,35.426346
1055,1965.3191,35.405018
1056,1963.3905,35.454792
1057,1961.4618,35.437317
1058,1959.5331,35.488827
1059,1957.6044,35.467834
1060,1955.6758,35.512607
1061,1953.7471,35.480877
1062,1951.8183,35.515327
1063,1949.8898,35.474663
1064,1947.961,35.506256
1065,1946.0323,35.46833
1066,1944.1037,35.509884
1067,1942.175,35.484901
1068,1940.2463,35.540596
1069,1938.3176,35.524933
1070,1936.389,35.583824
1071,1934.4603,35.562057
1072,1932.5316,35.608585
1073,1930.603,35.569607
1074,1928.6743,35.600353
1075,1926.7456,35.549339
1076,1924.817,35.576187
1077,1922.8883,35.527885
1078,1920.9596,35.563942
1079,1919.0309,35.526379
1080,1917.1023,35.573231
1081,1915.1736,35.542549
1082,1913.2449,35.593376
1083,1911.3163,35.562557
1084,1909.3876,35.611847
1085,1907.4589,35.577179
1086,1905.5303,35.622177
1087,1903.6016,35.580898
1088,1901.6728,35.61853
1089,1899.7441,35.568169
1090,1897.8155,35.598198
1091,1895.8868,35.542316
1092,1893.9581,35.572506
1093,1892.0295,35.521828
1094,1890.1008,35.562912
1095,1888.1721,35.524475
1096,1886.2435,35.5765
1097,1884.3148,35.541885
1098,1882.3861,35.589085
1099,1880.4574,35.539089
1100,1878.5288,35.564518
1101,1876.6001,35.49041
1102,1874.6714,35.497597
1103,1872.7428,35.415863
1104,1870.8141,35.430904
1105,1868.8854,35.370689
1106,1866.9568,35.417717
1107,1865.0281,35.391148
1108,1863.0994,35.466324
1109,1861.1706,35.454006
1110,1859.2421,35.526993
1111,1857.3133,35.495373
1112,1855.3846,35.538063
1113,1853.456,35.47187
1114,1851.5273,35.485699
1115,1849.5986,35.402244
1116,1847.67,35.414749
1117,1845.7413,35.342976
1118,1843.8126,35.375175
1119,1841.8839,35.321823
1120,1839.9553,35.365116
1121,1838.0266,35.311115
1122,1836.0979,35.344784
1123,1834.1693,35.277042
1124,1832.2406,35.301243
1125,1830.3119,35.232841
1126,1828.3833,35.26741
1127,1826.4546,35.215916
1128,1824.5259,35.268169
1129,1822.5972,35.227268
1130,1820.6686,35.279552
1131,1818.7399,35.226944
1132,1816.8111,35.26004
1133,1814.8826,35.185116
1134,1812.9538,35.198215
1135,1811.0251,35.10717
1136,1809.0965,35.108559
1137,1807.1678,35.007576
1138,1805.2391,34.999775
1139,1803.3104,34.889435
1140,1801.3818,34.874729
1141,1799.4531,34.762566
1142,1797.5244,34.754848
1143,1795.5958,34.658813
1144,1793.6671,34.674709
1145,1791.7384,34.603714
1146,1789.8098,34.639507
1147,1787.8811,34.576225
1148,1785.9524,34.604671
1149,1784.0237,34.519558
1150,1782.0951,34.517742
1151,1780.1664,34.401813
1152,1778.2377,34.377643
1153,1776.3091,34.253422
1154,1774.3804,34.237194
1155,1772.4517,34.133774
1156,1770.5231,34.144874
1157,1768.5944,34.066376
1158,1766.6656,34.092163
1159,1764.7369,34.011944
1160,1762.8083,34.017639
1161,1760.8796,33.900501
1162,1758.9509,33.858173
1163,1757.0223,33.689503
1164,1755.0936,33.600605
1165,1753.1649,33.396572
1166,1751.2363,33.286537
1167,1749.3076,33.074024
1168,1747.3789,32.963631
1169,1745.4502,32.753254
1170,1743.5216,32.64418
1171,1741.5929,32.434955
1172,1739.6642,32.331776
1173,1737.7356,32.139824
1174,1735.8069,32.070045
1175,1733.8782,31.927183
1176,1731.9496,31.915544
1177,1730.0209,31.829348
1178,1728.0922,31.862802
1179,1726.1634,31.805422
1180,1724.2349,31.854008
1181,1722.3061,31.80689
1182,1720.3774,31.870478
1183,1718.4488,31.848328
1184,1716.5201,31.943378
1185,1714.5914,31.948635
1186,1712.6628,32.053619
1187,1710.7341,32.043041
1188,1708.8054,32.107445
1189,1706.8767,32.043629
1190,1704.9481,32.059402
1191,1703.0194,31.967565
1192,1701.0907,31.982189
1193,1699.1621,31.91127
1194,1697.2334,31.954275
1195,1695.3047,31.903433
1196,1693.3761,31.947151
1197,1691.4474,31.877643
1198,1689.5187,31.891798
1199,1687.59,31.795671
1200,1685.6614,31.796503
1201,1683.7327,31.704504
1202,1681.8039,31.721821
1203,1679.8754,31.650005
1204,1677.9466,31.681805
1205,1676.0179,31.61536
1206,1674.0893,31.64439
1207,1672.1606,31.572632
1208,1670.2319,31.597065
1209,1668.3032,31.521944
1210,1666.3746,31.538729
1211,1664.4459,31.44607
1212,1662.5172,31.43119
1213,1660.5886,31.296734
1214,1658.6599,31.239294
1215,1656.7312,31.076307
1216,1654.8026,31.015373
1217,1652.8739,30.879272
1218,1650.9452,30.869223
1219,1649.0165,30.795465
1220,1647.0879,30.842026
1221,1645.1592,30.807581
1222,1643.2305,30.870737
1223,1641.3019,30.835712
1224,1639.3732,30.890371
1225,1637.4444,30.850979
1226,1635.5159,30.911199
1227,1633.5871,30.88912
1228,1631.6584,30.972809
1229,1629.7297,30.975208
1230,1627.8011,31.078625
1231,1625.8724,31.096426
1232,1623.9437,31.212402
1233,1622.0151,31.24522
1234,1620.0864,31.380094
1235,1618.1577,31.436636
1236,1616.2291,31.595354
1237,1614.3004,31.672344
1238,1612.3717,31.842621
1239,1610.443,31.921898
1240,1608.5144,32.08485
1241,1606.5857,32.151714
1242,1604.657,32.29945
1243,1602.7284,32.352768
1244,1600.7997,32.488739
1245,1598.871,32.533718
1246,1596.9424,32.662235
1247,1595.0137,32.700382
1248,1593.085,32.818752
1249,1591.1562,32.84243
1250,1589.2277,32.938251
1251,1587.2989,32.932339
1252,1585.3702,32.991959
1253,1583.4416,32.949963
1254,1581.5129,32.978889
1255,1579.5842,32.919659
1256,1577.6556,32.94569
1257,1575.7269,32.896438
1258,1573.7982,32.934868
1259,1571.8695,32.891373
1260,1569.9409,32.919208
1261,1568.0122,32.8503
1262,1566.0835,32.844894
1263,1564.1549,32.751888
1264,1562.2262,32.744377
1265,1560.2975,32.68008
1266,1558.3689,32.724567
1267,1556.4402,32.720253
1268,1554.5115,32.80835
1269,1552.5828,32.81546
1270,1550.6542,32.876015
1271,1548.7255,32.83004
1272,1546.7967,32.833412
1273,1544.8682,32.754166
1274,1542.9394,32.763313
1275,1541.0107,32.731872
1276,1539.0821,32.812561
1277,1537.1534,32.852016
1278,1535.2247,32.974907
1279,1533.296,33.015373
1280,1531.3674,33.097832
1281,1529.4387,33.075523
1282,1527.51,33.094501
1283,1525.5814,33.030918
1284,1523.6527,33.038025
1285,1521.724,32.99033
1286,1519.7954,33.025337
1287,1517.8667,33.004864
1288,1515.938,33.055096
1289,1514.0093,33.041176
1290,1512.0807,33.095962
1291,1510.152,33.098114
1292,1508.2233,33.18407
1293,1506.2947,33.231541
1294,1504.366,33.362411
1295,1502.4372,33.441585
1296,1500.5087,33.577343
1297,1498.5799,33.635784
1298,1496.6512,33.731926
1299,1494.7225,33.749985
1300,1492.7939,33.816845
1301,1490.8652,33.825905
1302,1488.9365,33.897388
1303,1487.0079,33.915214
1304,1485.0792,33.983242
1305,1483.1505,33.979866
1306,1481.2219,34.007805
1307,1479.2932,33.958652
1308,1477.3645,33.946621
1309,1475.4358,33.877067
1310,1473.5072,33.864147
1311,1471.5785,33.809566
1312,1469.6498,33.812996
1313,1467.7212,33.768379
1314,1465.7925,33.768761
1315,1463.8638,33.715973
1316,1461.9352,33.711586
1317,1460.0065,33.672283
1318,1458.0777,33.703094
1319,1456.149,33.720653
1320,1454.2204,33.815311
1321,1452.2917,33.890385
1322,1450.363,34.01865
1323,1448.4344,34.098648
1324,1446.5057,34.201584
1325,1444.577,34.238315
1326,1442.6484,34.290314
1327,1440.7197,34.28384
1328,1438.791,34.304916
1329,1436.8623,34.284088
1330,1434.9337,34.299984
1331,1433.005,34.279148
1332,1431.0763,34.290615
1333,1429.1477,34.26094
1334,1427.219,34.257465
1335,1425.2903,34.215042
1336,1423.3617,34.20425
1337,1421.433,34.167725
1338,1419.5043,34.173168
1339,1417.5756,34.161732
1340,1415.647,34.18956
1341,1413.7183,34.192104
1342,1411.7895,34.216099
1343,1409.861,34.199337
1344,1407.9322,34.190044
1345,1406.0035,34.138138
1346,1404.0749,34.09835
1347,1402.1462,34.031574
1348,1400.2175,33.992561
1349,1398.2888,33.944073
1350,1396.3602,33.932281
1351,1394.4315,33.916347
1352,1392.5028,33.932461
1353,1390.5742,33.938587
1354,1388.6455,33.965679
1355,1386.7168,33.976009
1356,1384.7882,33.999863
1357,1382.8595,34.006527
1358,1380.9308,34.025993
1359,1379.0021,34.032886
1360,1377.0735,34.053932
1361,1375.1448,34.066131
1362,1373.2161,34.090965
1363,1371.2875,34.107616
1364,1369.3588,34.133789
1365,1367.43,34.153282
1366,1365.5015,34.182186
1367,1363.5727,34.209751
1368,1361.644,34.249306
1369,1359.7153,34.292717
1370,1357.7867,34.346886
1371,1355.858,34.403297
1372,1353.9293,34.461376
1373,1352.0007,34.514095
1374,1350.072,34.557938
1375,1348.1433,34.593437
1376,1346.2147,34.619682
1377,1344.286,34.647636
1378,1342.3573,34.677605
1379,1340.4286,34.725346
1380,1338.5,34.783943
1381,1336.5713,34.865513
1382,1334.6426,34.950386
1383,1332.714,35.046501
1384,1330.7853,35.126087
1385,1328.8566,35.201229
1386,1326.928,35.245167
1387,1324.9993,35.281196
1388,1323.0705,35.286468
1389,1321.1418,35.293857
1390,1319.2132,35.279304
1391,1317.2845,35.27869
1392,1315.3558,35.26083
1393,1313.4272,35.260986
1394,1311.4985,35.239983
1395,1309.5698,35.234043
1396,1307.6412,35.19894
1397,1305.7125,35.175125
1398,1303.7838,35.116074
1399,1301.8551,35.06842
1400,1299.9265,34.984531
1401,1297.9978,34.917869
1402,1296.0691,34.81971
1403,1294.1405,34.749538
1404,1292.2118,34.655601
1405,1290.2831,34.600429
1406,1288.3545,34.525753
1407,1286.4258,34.49427
1408,1284.4971,34.43996
1409,1282.5683,34.426773
1410,1280.6398,34.384045
1411,1278.711,34.381061
1412,1276.7823,34.34597
1413,1274.8537,34.354984
1414,1272.925,34.334354
1415,1270.9963,34.364677
1416,1269.0677,34.367027
1417,1267.139,34.423706
1418,1265.2103,34.44928
1419,1263.2816,34.527988
1420,1261.353,34.569233
1421,1259.4243,34.660957
1422,1257.4956,34.708916
1423,1255.567,34.80566
1424,1253.6383,34.853535
1425,1251.7096,34.949554
1426,1249.781,34.992382
1427,1247.8523,35.083385
1428,1245.9236,35.117657
1429,1243.9949,35.201172
1430,1242.0663,35.225616
1431,1240.1376,35.301479
1432,1238.2089,35.316635
1433,1236.2803,35.385544
1434,1234.3516,35.39183
1435,1232.4228,35.4538
1436,1230.4943,35.451042
1437,1228.5655,35.50613
1438,1226.6368,35.494923
1439,1224.7081,35.544285
1440,1222.7795,35.526092
1441,1220.8508,35.571136
1442,1218.9221,35.54705
1443,1216.9935,35.588528
1444,1215.0648,35.559101
1445,1213.1361,35.597565
1446,1211.2075,35.56348
1447,1209.2788,35.599785
1448,1207.3501,35.562065
1449,1205.4214,35.597393
1450,1203.4928,35.55732
1451,1201.5641,35.592838
1452,1199.6354,35.551109
1453,1197.7068,35.586628
1454,1195.7781,35.54192
1455,1193.8494,35.575199
1456,1191.9208,35.525013
1457,1189.9921,35.554111
1458,1188.0633,35.497696
1459,1186.1346,35.523167
1460,1184.206,35.461899
1461,1182.2773,35.485138
1462,1180.3486,35.419739
1463,1178.42,35.440514
1464,1176.4913,35.369984
1465,1174.5626,35.386963
1466,1172.634,35.310097
1467,1170.7053,35.322506
1468,1168.7766,35.239109
1469,1166.8479,35.247349
1470,1164.9193,35.158344
1471,1162.9906,35.163639
1472,1161.0619,35.070141
1473,1159.1333,35.072872
1474,1157.2046,34.973987
1475,1155.2759,34.971874
1476,1153.3473,34.86441
1477,1151.4186,34.854355
1478,1149.4899,34.736568
1479,1147.5611,34.71912
1480,1145.6326,34.59415
1481,1143.7038,34.574592
1482,1141.7751,34.44886
1483,1139.8465,34.433494
1484,1137.9178,34.312096
1485,1135.9891,34.304169
1486,1134.0605,34.188496
1487,1132.1318,34.188206
1488,1130.2031,34.078525
1489,1128.2744,34.087631
1490,1126.3458,33.988289
1491,1124.4171,34.013866
1492,1122.4884,33.933556
1493,1120.5598,33.983738
1494,1118.6311,33.927555
1495,1116.7024,34.002529
1496,1114.7738,33.965359
1497,1112.8451,34.05595
1498,1110.9164,34.026951
1499,1108.9877,34.123169
1500,1107.0591,34.095013
1501,1105.1304,34.192715
1502,1103.2017,34.163731
1503,1101.2731,34.262249
1504,1099.3444,34.231235
1505,1097.4156,34.327579
1506,1095.4871,34.289062
1507,1093.5583,34.375126
1508,1091.6296,34.31879
1509,1089.7009,34.383022
1510,1087.7723,34.297737
1511,1085.8436,34.331608
1512,1083.9149,34.213982
1513,1081.9863,34.221538
1514,1080.0576,34.084465
1515,1078.1289,34.087238
1516,1076.2003,33.958668
1517,1074.2716,33.986877
1518,1072.3429,33.894028
1519,1070.4142,33.966617
1520,1068.4856,33.916489
1521,1066.5569,34.027481
1522,1064.6282,34.003101
1523,1062.6996,34.128887
1524,1060.7709,34.105408
1525,1058.8422,34.224602
1526,1056.9136,34.187031
1527,1054.9849,34.291771
1528,1053.0561,34.238434
1529,1051.1274,34.331409
1530,1049.1988,34.267624
1531,1047.2701,34.355453
1532,1045.3414,34.288288
1533,1043.4128,34.377823
1534,1041.4841,34.313309
1535,1039.5554,34.409134
1536,1037.6268,34.349987
1537,1035.6981,34.452774
1538,1033.7694,34.397808
1539,1031.8407,34.504845
1540,1029.9121,34.450348
1541,1027.9834,34.557526
1542,1026.0547,34.499733
1543,1024.1261,34.604301
1544,1022.1974,34.541996
1545,1020.2687,34.644333
1546,1018.34,34.579101
1547,1016.4114,34.681225
1548,1014.4827,34.614796
1549,1012.554,34.717754
1550,1010.6254,34.650696
1551,1008.6966,34.755031
1552,1006.768,34.688332
1553,1004.8393,34.795582
1554,1002.9106,34.731079
1555,1000.982,34.842861
1556,999.05328,34.781567
1557,997.12463,34.898079
1558,995.19592,34.839481
1559,993.26727,34.959698
1560,991.33862,34.902481
1561,989.40991,35.024925
1562,987.48126,34.967697
1563,985.55255,35.091267
1564,983.6239,35.033405
1565,981.69525,35.157852
1566,979.76654,35.099129
1567,977.83789,35.223667
1568,975.90918,35.162369
1569,973.98053,35.284408
1570,972.05188,35.217762
1571,970.12317,35.335255
1572,968.19452,35.262749
1573,966.26581,35.376881
1574,964.33716,35.300922
1575,962.40851,35.414364
1576,960.4798,35.336979
1577,958.55115,35.450508
1578,956.62244,35.371212
1579,954.69379,35.483391
1580,952.76514,35.400391
1581,950.83642,35.50967
1582,948.90777,35.422268
1583,946.97906,35.52919
1584,945.05041,35.439361
1585,943.12176,35.547031
1586,941.19305,35.458328
1587,939.2644,35.569713
1588,937.33569,35.483642
1589,935.40704,35.598335
1590,933.47839,35.512859
1591,931.54968,35.627922
1592,929.62103,35.540161
1593,927.69232,35.65345
1594,925.76367,35.562332
1595,923.83502,35.673687
1596,921.90631,35.579662
1597,919.97766,35.689735
1598,918.04895,35.593376
1599,916.1203,35.702389
1600,914.19165,35.6035
1601,912.26294,35.710918
1602,910.33429,35.60907
1603,908.40558,35.715069
1604,906.47693,35.611446
1605,904.54828,35.718101
1606,902.61957,35.615063
1607,900.69092,35.72398
1608,898.76221,35.621632
1609,896.83356,35.731296
1610,894.90491,35.627247
1611,892.9762,35.735546
1612,891.04755,35.629093
1613,889.11883,35.73706
1614,887.19018,35.630554
1615,885.26153,35.740864
1616,883.33282,35.636391
1617,881.40417,35.749977
1618,879.47546,35.647385
1619,877.54681,35.763302
1620,875.61816,35.661236
1621,873.68945,35.777862
1622,871.7608,35.674557
1623,869.83209,35.790039
1624,867.90344,35.683781
1625,865.97479,35.796764
1626,864.04608,35.686767
1627,862.11743,35.796982
1628,860.18872,35.683403
1629,858.26007,35.791206
1630,856.33142,35.674496
1631,854.40271,35.780296
1632,852.47406,35.660786
1633,850.54535,35.764694
1634,848.6167,35.6423
1635,846.68805,35.744137
1636,844.75934,35.61895
1637,842.83069,35.719349
1638,840.90198,35.592583
1639,838.97333,35.692848
1640,837.04468,35.565246
1641,835.11597,35.664921
1642,833.18732,35.534805
1643,831.2586,35.631584
1644,829.32996,35.497085
1645,827.40131,35.590313
1646,825.47259,35.452248
1647,823.54394,35.543651
1648,821.61523,35.40382
1649,819.68658,35.494522
1650,817.75793,35.353207
1651,815.82922,35.442898
1652,813.90057,35.299698
1653,811.97186,35.388096
1654,810.04321,35.242931
1655,808.11456,35.330131
1656,806.18585,35.183533
1657,804.2572,35.270908
1658,802.32849,35.125561
1659,800.39984,35.217033
1660,798.47119,35.077515
1661,796.54248,35.177185
1662,794.61383,35.04607
1663,792.68512,35.154327
1664,790.75647,35.029907
1665,788.82782,35.143455
1666,786.89911,35.021706
1667,784.97046,35.136532
1668,783.04175,35.014229
1669,781.1131,35.128536
1670,779.18445,35.005863
1671,777.25574,35.121841
1672,775.32709,35.00246
1673,773.39838,35.123993
1674,771.46973,35.010605
1675,769.54108,35.138061
1676,767.61236,35.028507
1677,765.68371,35.157741
1678,763.755,35.046947
1679,761.82635,35.172779
1680,759.8977,35.055916
1681,757.96899,35.173962
1682,756.04034,35.047466
1683,754.11163,35.155731
1684,752.18298,35.020393
1685,750.25433,35.123348
1686,748.32562,34.987438
1687,746.39697,35.09597
1688,744.46826,34.970966
1689,742.53961,35.094765
1690,740.61096,34.986732
1691,738.68225,35.127212
1692,736.7536,35.032986
1693,734.82489,35.183193
1694,732.89624,35.093548
1695,730.96759,35.243805
1696,729.03888,35.150562
1697,727.11023,35.29557
1698,725.18152,35.196781
1699,723.25287,35.337059
1700,721.32422,35.234081
1701,719.39551,35.370079
1702,717.46686,35.261726
1703,715.53815,35.391178
1704,713.6095,35.275753
1705,711.68085,35.399105
1706,709.75214,35.279961
1707,707.82349,35.402794
1708,705.89477,35.286217
1709,703.96612,35.413807
1710,702.03747,35.3031
1711,700.10876,35.436642
1712,698.18011,35.331474
1713,696.2514,35.469734
1714,694.32275,35.368545
1715,692.3941,35.509861
1716,690.46539,35.411053
1717,688.53674,35.553825
1718,686.60803,35.455582
1719,684.67938,35.597214
1720,682.75073,35.495792
1721,680.82202,35.631519
1722,678.89337,35.522278
1723,676.96466,35.649296
1724,675.03601,35.532879
1725,673.10736,35.655525
1726,671.17865,35.538544
1727,669.25,35.662952
1728,667.32129,35.548565
1729,665.39264,35.673836
1730,663.46399,35.558128
1731,661.53528,35.679687
1732,659.60663,35.559902
1733,657.67792,35.677883
1734,655.74927,35.556576
1735,653.82062,35.674366
1736,651.89191,35.554275
1737,649.96326,35.673149
1738,648.03454,35.554214
1739,646.10589,35.673237
1740,644.17725,35.554233
1741,642.24853,35.672314
1742,640.31988,35.552837
1743,638.39117,35.670586
1744,636.46252,35.55212
1745,634.53387,35.670658
1746,632.60516,35.551964
1747,630.67651,35.665756
1748,628.7478,35.536926
1749,626.81915,35.634285
1750,624.8905,35.486862
1751,622.96179,35.567734
1752,621.03314,35.412876
1753,619.10443,35.498077
1754,617.17578,35.360775
1755,615.24713,35.47205
1756,613.31842,35.364689
1757,611.38977,35.502296
1758,609.46106,35.414272
1759,607.53241,35.560738
1760,605.60376,35.472797
1761,603.67505,35.611553
1762,601.7464,35.512981
1763,599.81769,35.640468
1764,597.88904,35.534386
1765,595.96039,35.657978
1766,594.03168,35.552437
1767,592.10303,35.677265
1768,590.17432,35.572624
1769,588.24567,35.694969
1770,586.31702,35.586456
1771,584.3883,35.703888
1772,582.45965,35.593296
1773,580.53094,35.710964
1774,578.60229,35.604141
1775,576.67364,35.725941
1776,574.74493,35.624103
1777,572.81628,35.749756
1778,570.88757,35.653038
1779,568.95892,35.783649
1780,567.03027,35.69273
1781,565.10156,35.826034
1782,563.17291,35.73436
1783,561.2442,35.860649
1784,559.31555,35.758831
1785,557.3869,35.8727
1786,555.45819,35.761215
1787,553.52954,35.868149
1788,551.60083,35.754982
1789,549.67218,35.862991
1790,547.74353,35.755096
1791,545.81482,35.869812
1792,543.88617,35.771004
1793,541.95746,35.892792
1794,540.02881,35.798199
1795,538.10016,35.916664
1796,536.17145,35.813011
1797,534.2428,35.916656
1798,532.31409,35.798565
1799,530.38544,35.889339
1800,528.45679,35.763695
1801,526.52808,35.849247
1802,524.59943,35.721752
1803,522.67071,35.806148
1804,520.74206,35.68169
1805,518.81341,35.772072
1806,516.8847,35.658371
1807,514.95605,35.758686
1808,513.02734,35.652492
1809,511.09869,35.753113
1810,509.17001,35.6441
1811,507.24133,35.74081
1812,505.31268,35.633808
1813,503.384,35.736622
1814,501.45532,35.638599
1815,499.52664,35.744705
1816,497.59796,35.643371
1817,495.66931,35.738541
1818,493.74063,35.627418
1819,491.81195,35.717297
1820,489.88327,35.609707
1821,487.95459,35.704883
1822,486.02594,35.600128
1823,484.09726,35.688316
1824,482.16858,35.570988
1825,480.2399,35.644459
1826,478.31122,35.519718
1827,476.38257,35.592396
1828,474.45389,35.473331
1829,472.52521,35.550068
1830,470.59653,35.433819
1831,468.66785,35.51099
1832,466.7392,35.399788
1833,464.81052,35.485157
1834,462.88183,35.385147
1835,460.95315,35.475952
1836,459.02447,35.375961
1837,457.09582,35.462078
1838,455.16714,35.364231
1839,453.23846,35.462109
1840,451.30978,35.385746
1841,449.3811,35.499668
1842,447.45245,35.424396
1843,445.52377,35.51833
1844,443.59509,35.416775
1845,441.66641,35.494526
1846,439.73773,35.404758
1847,437.80908,35.518867
1848,435.8804,35.48172
1849,433.95172,35.652874
1850,432.02304,35.689556
1851,430.09436,35.973537
1852,428.16571,36.18713
1853,426.23703,36.698875
1854,424.30835,37.141769
1855,422.37967,37.806309
1856,420.45099,38.279552
1857,418.52234,38.865425
1858,416.59366,39.235233
1859,414.66498,39.772098
1860,412.7363,40.141014
1861,410.80762,40.552799
1862,408.87897,40.371555
1863,406.95029,39.494751
1864,405.02161,37.164425
1865,403.09293,33.482155
1866,401.16424,28.247587
1867,399.23559,22.299084